{"cameraMode":{"drawMode":0,"name":"Shaded","section":"Shading Mode"},"sceneLighting":true,"audioPlay":false,"sceneViewState":{"showFog":true,"showMaterialUpdate":false,"showSkybox":true,"showFlares":true,"showImageEffects":true,"showParticleSystems":true},"in2DMode":false,"pivot":{"x":-30.35951042175293,"y":1.1141438484191895,"z":-7.417944431304932},"rotation":{"x":0.3790428638458252,"y":0.4168001711368561,"z":-0.19688035547733308,"w":0.8023979067802429},"size":20.819416046142579,"orthographic":false}